
{
 "movies":[
  {

    "id":1,
    "name": "The Dark Knight",
    "releaseYear":    2008,
    "genre": " Action, Crime, Drama",
    "amount":699,
    "image": "https://m.media-amazon.com/images/M/MV5BMTMxNTMwODM0NF5BMl5BanBnXkFtZTcwODAyMTk2Mw@@._V1_QL50_SY1000_CR0,0,675,1000_AL_.jpg",
    "quantity":24,
    "description": "When the menace known as the Joker wreaks havoc and chaos on the people of Gotham, Batman must accept one of the greatest psychological and physical tests of his ability to fight injustice.",
    "trailer":  "https://www.youtube.com/watch?v=EXeTwQWrcwY",
    "rating":  9.0,
    "director":  "Christopher Nolan",
    "cast": "Christian Bale,Bruce Wayne,Heath Ledger,Joker,Aaron Eckhart,Harvey Dent,Michael Caine,Alfred,Gary Oldman,Gordon",
    "type":"movie"
  },
  {
  
    "id":2,
    "name": "Star Wars: Episode IX - The Rise of Skywalker",
    "releaseYear": 2019,
    "genre": "Action, Adventure, Fantasy",
    "amount":699,
    "image": "https://encrypted-tbn3.gstatic.com/images?q=tbn:ANd9GcQS6eF-bVXb1sc6nPVCZ1Z_-M9UCKSKMwcJKDWOY8bQiHyxS_u-",
    "quantity":24,
    "description": "The surviving members of the resistance face the First Order once again, and the legendary conflict between the Jedi and the Sith reaches its peak bringing the Skywalker saga to its end.",
    "trailer":  "https://www.youtube.com/watch?v=8Qn_spdM5Zg",
    "rating":6.7,
    "director":  "J.J. Abrams",
    "cast": " Chris Terrio (screenplay by), J.J. Abrams (screenplay by) ",
    "type":"movie"
  },
  {
  
    "id":3,
    "name": "Iron Man",
    "releaseYear":2008,
    "genre": "Action, Adventure, Sci-Fi",
    "amount":699,
    "image": "https://www.joblo.com/assets/images/oldsite/posters/images/full/2008-iron_man-5_thumb.jpg",
    "quantity":24,
    "description": "After being held captive in an Afghan cave, billionaire engineer Tony Stark creates a unique weaponized suit of armor to fight evil.",
    "trailer":  "https://www.youtube.com/watch?v=8ugaeA-nMTc",
    "rating":7.9,
    "director":  "Jon Favreau",
    "cast": " Robert Downey Jr., Gwyneth Paltrow, Terrence Howard ",
    "type":"movie"
  },
{
  "id":4,
  "name":"Mission Impossible : 4",
  "releaseYear":2015,
  "genre":"Action",
  "amount":1500,
  "image":"https://m.media-amazon.com/images/M/MV5BMTY4MTUxMjQ5OV5BMl5BanBnXkFtZTcwNTUyMzg5Ng@@._V1_QL50_SY1000_CR0,0,675,1000_AL_.jpg",
  "quantity":15,
  "description":"The IMF is shut down when it's implicated in the bombing of the Kremlin, causing Ethan Hunt and his new team to go rogue to clear their organization's name.",
  "trailer":"https://www.youtube.com/watch?v=EDGYVFZxsXQ",
  "rating": 3.0,
  "director":"Brad Bird",
  "cast":"Tom Cruise,Ethen Hunt,Paula Patton,Jane,Simon Pegg,Benji",
  "type":"movie"

},

{

  "id":5,
  "name":"Extraction",
  "releaseYear":2020,
  "genre":"Action",
  "amount":2599,
  "image": "https://m.media-amazon.com/images/M/MV5BMDJiNzUwYzEtNmQ2Yy00NWE4LWEwNzctM2M0MjE0OGUxZTA3XkEyXkFqcGdeQXVyMTMxODk2OTU@._V1_.jpg",
  "quantity": 7,
  "description": "Tyler Rake, a fearless black market mercenary, embarks on the most deadly extraction of his career when he's enlisted to rescue the kidnapped son of an imprisoned international crime lord.",
  "trailer": "https://www.youtube.com/watch?v=GJQsT-h0FTU",
  "rating": 6.8,
  "director": "Sam Hargrave",
  "cast":"Chris Hemsworth,Tyler Rake,Rudhraksh Jaiswal,Ovi Mahajan,Randeep Hooda,Saju,Pankaj Tripathi,Ovi Mahajan Sr.",
  "type":"movie"
},
{

  "id":6,
  "name": "Bad Boys For Life",
  "releaseYear":2020,
  "genre": "Action, Comedy, Crime",
  "amount":7899,
  "image":  "https://m.media-amazon.com/images/M/MV5BMWU0MGYwZWQtMzcwYS00NWVhLTlkZTAtYWVjOTYwZTBhZTBiXkEyXkFqcGdeQXVyMTkxNjUyNQ@@._V1_QL50_SY1000_CR0,0,674,1000_AL_.jpg",
  "quantity":  0,
  "description":  "Miami detectives Mike Lowrey and Marcus Burnett must face off against a mother-and-son pair of drug lords who wreak vengeful havoc on their city.",
  "trailer": "https://www.youtube.com/watch?v=jKCj3XuPG8M",
  "rating":  6.7,
  "director": "Adil El Arbi, Bilall Fallah",
  "cast":"Will Smith,Mike,Martin Lawrence,Marcus,Vanessa Hudgens,Kelly",
  "type":"movie"
}



 ],



  "books": [
    {
      "id":1,
      "name":"The Hobbit",
      "releaseYear":1937,
      "genre":"Fiction",
      "amount": 1259,
      "image":"https://www.scholastic.com/content5/media/products/35/9780345534835_mres.jpg",
      "quantity":21,
      "description":"The Hobbit, or There and Back Again is a children's fantasy novel by English author J. R. R. Tolkien. It was published on 21 September 1937 to wide critical acclaim, being nominated for the Carnegie Medal and awarded a prize from the New York Herald Tribune for best juvenile fiction.",
      "preview":"https://www.scholastic.com/content5/media/products/35/9780345534835_mres.jpg",
      "writer":"J. R. R. Tolkien",
      "goodreadsRatings":7.0,
      "pages":320,
      "type":"book"
    },
    {
      "id":2,
      "name":"Artemis Fowl: The Graphic Novel",
      "releaseYear": 2001,
      "genre":"Fiction",
      "amount": 619.44,
      "image":"https://www.scholastic.com/content5/media/products/39/9780545344739_mres.jpg",
      "quantity":15,
      "description":"Twelve-year-old criminal mastermind Artemis Fowl appears in a graphic novel format. Eoin Colfer has teamed up with established comic writer Andrew Donkin to adapt the text. Fans will be able to see what Foaly's tin hat looks like and discover just how beet Root got his name",
      "preview":"https://www.scholastic.com/content5/media/products/39/9780545344739_mres.jpg",
      "writer": "Eoin Colfer",
      "goodreadsRatings": 6.0,
      "pages":112,
      "type":"book"
    },
    {
      "id":3,
      "name":"Harry Potter and the Sorcerer's Stone",
      "releaseYear": 1865,
      "genre":"Fantasy,Fiction",
      "amount": 1500,
      "image":"https://shop.scholastic.com/content/dam/scholastic/tso/products/44/9781338299144/9781338299144_xlg.jpg",
      "quantity":0,
      "description":"Harry Potter knows no spells, has never helped to hatch a dragon, and has never worn a cloak of invisibility ",
      "preview":"https://shop.scholastic.com/content/dam/scholastic/tso/products/44/9781338299144/9781338299144_xlg.jpg",
      "writer":"J. K. Rowling",
      "goodreadsRatings": 5.0,
      "pages":336,
      "type":"book"
    },
    {
      "id":4,
      "name":"Drawing from Memory",
      "releaseYear": 2018,
      "genre":"NON-FICTION",
      "amount": 619,
      "image":"https://www.scholastic.com/content5/media/products/06/9780545685306_mres.jpg",
      "quantity":15,
      "description":"DRAWING FROM MEMORY is Allen Say's own story of his path to becoming the renowned artist he is today. Shunned by his father, who didn't understand his son's artistic leanings, Allen was embraced by Noro Shinpei, Japan's leading cartoonist and the man he came to love as his spiritual father.",
      "preview":"https://www.scholastic.com/content5/media/products/06/9780545685306_mres.jpg",
      "writer":"Allen Say",
      "goodreadsRatings": 5.0,
      "pages":64,
      "type":"book"
    },
    {
      "id":5,
      "name":"El Deafo",
      "releaseYear": 2014,
      "genre":"FICTION",
      "amount": 1599,
      "image":"https://www.scholastic.com/content5/media/products/73/9781419712173_mres.jpg",
      "quantity":15,
      "description":"In this funny, poignant graphic novel memoir, author/illustrator Cece Bell chronicles her hearing loss at a young age and her subsequent experiences with the Phonic Ear, a very powerful and very awkward hearing aid. The Phonic Ear gives Cece the ability to hear (including some things she wasn't intended to hear), but it also isolates her from her classmates. She really just wants to fit in and find a true friend, someone who appreciates her as she is.",
      "preview":"https://www.scholastic.com/content5/media/products/73/9781419712173_mres.jpg",
      "writer":"Cece Bell",
      "goodreadsRatings": 5.0,
      "pages":248,
      "type":"book"
    }
  ]

}